,importance_mean,importance_std,family
red_mean_area,0.1029708154915971,0.0522676603671418,red_lesion
mean_vessel_component_area,0.10225115739527571,0.04133485029337202,vessel
std_vessel_component_area,0.09042612993864074,0.07306919414584447,vessel
red_large_count,0.0784054722837309,0.03970123725057805,red_lesion
mean_b,0.06546752022220242,0.036241044453294055,color
num_vessel_components,0.05786635742369419,0.03719564532504981,vessel
std_b,0.05708242705107327,0.03963617412703356,color
glcm_contrast,0.056785047669927625,0.028791135841538074,texture
vessel_density,0.04152241425661822,0.03255819766728562,vessel
vessel_area,0.04111744376108153,0.034945026760605305,vessel
red_total_area,0.03767403217680902,0.03405198126135898,red_lesion
glcm_homogeneity,0.03477901905606891,0.02468933782440844,texture
median_b,0.032311179237159,0.029265828593171717,color
glcm_dissimilarity,0.025555354619005887,0.015588250529030132,texture
red_area_ratio,0.025300766536068813,0.02328742148940218,red_lesion
mean_r,0.01454100927314345,0.03251468519620356,color
median_r,0.0121760327327635,0.02722643688672172,color
mean_g,0.0,0.0,color
std_r,0.0,0.0,color
median_g,0.0,0.0,color
mean_aspect_ratio,0.0,0.0,morphology
std_region_area,0.0,0.0,morphology
mean_region_area,0.0,0.0,morphology
largest_region_area,0.0,0.0,morphology
num_regions,0.0,0.0,morphology
candidate_area_ratio,0.0,0.0,morphology
candidate_area,0.0,0.0,morphology
glcm_energy,0.0,0.0,texture
std_g,0.0,0.0,color
red_count,0.0,0.0,red_lesion
mean_solidity,0.0,0.0,morphology
mean_circularity,0.0,0.0,morphology
red_small_count,0.0,0.0,red_lesion
red_mean_contrast,0.0,0.0,red_lesion
red_quadrant_min_count,0.0,0.0,red_lesion
red_quadrants_over_thresh,0.0,0.0,red_lesion
